"";"MH1";"MH2";"Name";"Data.File";"Type";"Level";"Acq.Date.Time";"STAGIONE";"STRINGA";"MAN";"FIELD";"TIL";"PARC";"12MetC14.0.on.242";"12MetC14.0.on.TIC";"11MetC14.0.on.242";"11MetC14.0.on.TIC";"00LinC14.0";"13MetC15.0";"12MetC15.0";"08MetC15.0";"00LinC15.0";"14MetC16.0";"12EthC16.0";"00Linc16.0";"12EthC17.0";"00LinC16.1";"15MetC17.0.on.TIC";"15MetC17.0";"00LinC16.1.om5.UNK";"14MetC17.0";"12ProC18.0";"02HydC16.0";"00LinC17.0";"00LinC17.2.9.10CIS";"00LinC17.1.om9";"10MetC17.0.on.TIC";"10MetC17.0.on.74";"10MetC17.0";"00LinC18.0";"18MetC19.0";"00LinC18.1.om6.CISTRANS";"10MetC18.0.on.TIC";"10MetC18.0.on.74";"00LinC18.1.om5";"00LinC18.2";"00LinC19.0";"00LinC19.0.delta";"00LinC20.0";"00LinC20.2";"00LinC20.2.11.14CIS";"SOMMA.AREE"
"1";"!";"!";"1 G SUOLO RIPRESO CON 200 UL EPTANO";"STD BAME DIL 500 M.D";"Cal";6;2017-06-26 11:24:00;"Aut";NA;NA;NA;NA;"A";86;182;44;20;62145;52271;39057;92;58638;47854;49;56162;12152;1600;259464;47276;75;47305;77;10244;49531;1135;61;1730;67;1917;1907;23;525;829;5;5;18229;46458;105;2279;196;774;820569
"2";"!";"!";"1 G SUOLO RIPRESO CON 200 UL EPTANO";"STD BAME DIL 300 M.D";"Cal";5;2017-06-26 12:10:00;"Aut";NA;NA;NA;NA;"A";57;421;25;29;81055;66684;49642;213;71543;56360;134;62181;13534;1773;270013;49647;61;111;50;13530;51482;1253;26;1173;42;1;1567;14;536;209;91;11;16282;42999;1221;2121;631;343;857065
"3";"";"!";"1 G SUOLO RIPRESO CON 200 UL EPTANO";"STD BAME DIL 200 M.D";"Cal";4;2017-06-26 12:56:00;"Aut";NA;NA;NA;NA;"A";50;280;7;46;167823;144994;108277;219;162285;141065;62;164970;34646;4963;773165;140564;24;15;57;34109;151282;3699;201;5009;183;1;5883;32;1440;3537;96;13;58794;138240;3550;6001;864;682;2257128
"4";"";"!";"1 G SUOLO RIPRESO CON 200 UL EPTANO";"STD BAME DIL 100 M.D";"Cal";3;2017-06-26 13:42:00;"Aut";NA;NA;NA;NA;"A";86;336;12;9;262568;217063;160629;127;229856;186710;1445;211111;47781;6456;971316;183083;85;2;39;48914;201351;4984;455;3948;20;12;7066;14;1795;560;931;25;78784;178759;3806;7740;480;847;3019205
"5";"!";"!";"1 G SUOLO RIPRESO CON 200 UL EPTANO";"STD BAME DIL 20 M.D";"Cal";1;2017-06-26 14:52:00;"Aut";NA;NA;NA;NA;"A";53;3741;10;57;4798489;3557062;2634969;182;3751477;2598206;219;2844419;625891;33437;10329203;1961140;289;59;0;1030024;1073174;54985;105;778;1458;1;62206;53;24261;3865;211;197;933974;1908442;60239;127217;983;809;38421885
"6";"!";"!";"c19 dil 50";"STD BAME DIL 50.D";"Cal";2;2017-06-28 16:59:00;"Aut";NA;NA;NA;NA;"A";38;962;0;34;1250668;1019970;758731;156;1096021;865169;2673;952163;201541;26917;3872723;736049;15;76;415;241848;730844;17276;1901;770;139;0;24153;21;4502;2004;58;8;264178;541916;5825;22610;308;77;12642759
"7";"!";"!";"1 G SUOLO RIPRESO CON 200 UL EPTANO";"CO10B3 M.D";"Sample";NA;2017-06-22 19:25:00;"Aut";"CO10B3m";"CO";"10";"Rip";"3";72;26660;13;166;15858;28675;14341;1690;7226;22104;779;231307;38134;511;127265;18752;777;13537;18933;85;8297;56;23;599;54;0;1881;240;940;200;55;313;6418;249290;448;206;790;714;837409
"8";"";"!";"1 G SUOLO RIPRESO CON 200 UL EPTANO";"CO10B3 M RICORSO.D";"Sample";NA;2017-06-22 20:11:00;"Aut";"CO10B3m";"CO";"10";"Rip";"3";28;3139;20;69;24834;53172;30082;5423;9288;47773;7530;457800;72660;1568;110117;31679;1308;27178;33301;192;12426;252;292;1481;449;7;3308;621;2144;241;82;380;29817;453734;1366;600;940;151;1425452
"9";"!";"!";"1 G SUOLO RIPRESO CON 200 UL EPTANO";"OO4B2 M.D";"Sample";NA;2017-06-22 21:43:00;"Aut";"OO04B2m";"OO";"04";"Rip";"2";60;3354;31;126;13994;50457;27465;5147;8716;37795;5248;433439;57096;665;94030;21770;1094;20080;31939;154;9728;168;23;870;41;17;1884;465;1287;597;43;300;139545;433401;1293;432;312;581;1403647
"10";"!";"!";"1 G SUOLO RIPRESO CON 200 UL EPTANO";"CO9B1 M.D";"Sample";NA;2017-06-22 22:29:00;"Aut";"CO09B1m";"CO";"09";"Rip";"1";42;1914;37;185;25355;47706;28136;3100;10435;41541;5410;518928;69190;2558;95851;26002;1511;23076;28090;46;15096;562;295;1075;18;3;4097;560;3035;773;697;584;50382;537747;1082;663;151;22;1545955
"11";"!";"!";"1 G SUOLO RIPRESO CON 200 UL EPTANO";"OO2B3 M.D";"Sample";NA;2017-06-22 23:15:00;"Aut";"OO02B3m";"OO";"02";"Rip";"3";94;12293;14;21;34449;78583;44818;6863;10486;46383;6809;198680;50744;934;121288;21180;1009;16985;24983;366;5413;94;209;360;21;3;1396;672;266;942;29;238;6481;322484;769;268;91;450;1017168
"12";"!";"!";"1 G SUOLO RIPRESO CON 200 UL EPTANO";"CO9C1M.D";"Sample";NA;2017-06-23 00:01:00;"Aut";"CO09C1m";"CO";"09";"Fzo";"1";72;11711;55;242;45736;106133;57909;8919;17970;73331;9900;394095;92331;1692;191134;35390;1715;30296;47047;64;14754;667;180;1029;44;8;2716;673;641;1056;73;433;19437;439222;1555;558;304;11;1609103
"13";"!";"!";"1 G SUOLO RIPRESO CON 200 UL EPTANO";"CO9B2M.D";"Sample";NA;2017-06-23 00:47:00;"Aut";"CO09B2m";"CO";"09";"Rip";"2";59;863;29;136;5996;29054;16342;3210;6107;32417;5326;204849;55566;792;109787;24676;871;18947;35291;151;9580;211;152;1084;17;5;1846;452;510;447;47;206;13115;406969;1055;212;365;451;987193
"14";"!";"!";"1 G SUOLO RIPRESO CON 200 UL EPTANO";"MIX SOIL.D";"Sample";NA;2017-06-23 01:33:00;"Aut";"MS00D0m";"MS";"00";"D";"0";35;6508;11;175;14799;76015;37885;6520;9772;51996;8157;254631;74500;1619;162250;32176;1451;24770;43085;26;10009;379;91;3817;16;18;1762;476;572;1508;10;391;24357;496238;982;339;622;455;1348423
"15";"!";"!";"1 G SUOLO RIPRESO CON 200 UL EPTANO";"CO9C2M.D";"Sample";NA;2017-06-23 02:19:00;"Aut";"CO09C2m";"CO";"09";"Fzo";"2";159;12088;4;114;46376;91352;50837;8166;14256;57929;9096;330034;75520;1863;106614;28056;1563;25085;39587;113;12376;565;101;2566;170;6;2418;448;823;766;33;401;23423;390760;1317;371;907;824;1337087
"16";"!";"!";"1 G SUOLO RIPRESO CON 200 UL EPTANO";"CO10C3M.D";"Sample";NA;2017-06-23 03:05:00;"Aut";"CO10C3m";"CO";"10";"Fzo";"3";85;7003;12;60;16387;51232;29250;4311;3934;34872;4815;140764;40546;1129;93366;17018;849;16398;22150;76;5904;280;46;1522;129;11;1114;201;144;315;9;142;6946;215817;667;194;142;524;718364
"17";"!";"!";"1 G SUOLO RIPRESO CON 200 UL EPTANO";"OO4B1M.D";"Sample";NA;2017-06-23 03:51:00;"Aut";"OO04B1m";"OO";"04";"Rip";"1";70;633;25;104;6094;26461;14031;3303;6863;37528;7021;245222;60641;772;184140;30007;1014;24527;44906;81;8454;396;66;1754;104;4;2894;279;573;707;26;157;12291;529145;1418;551;516;632;1253410
"18";"!";"!";"1 G SUOLO RIPRESO CON 200 UL EPTANO";"OO2C1M.D";"Sample";NA;2017-06-23 04:37:00;"Aut";"OO02C1m";"OO";"02";"Fzo";"1";47;2287;54;60;12981;49642;27093;5890;8068;47646;8568;222407;58288;691;158641;26865;1081;21147;37890;115;8464;68;66;1785;351;5;1604;343;290;2540;44;262;8701;315199;1173;352;348;909;1031965
"19";"!";"!";"1 G SUOLO RIPRESO CON 200 UL EPTANO";"CO10C1M.D";"Sample";NA;2017-06-23 05:23:00;"Aut";"CO10C1m";"CO";"10";"Fzo";"1";109;7728;7;1;41407;78676;47362;7024;6059;56928;8774;353236;72210;2437;173420;28645;1511;29124;35484;146;12164;516;88;2312;28;7;2596;598;750;78;15;456;13687;501691;896;489;175;497;1487331
"20";"!";"!";"1 G SUOLO RIPRESO CON 200 UL EPTANO";"OO4A2M.D";"Sample";NA;2017-06-23 06:10:00;"Aut";"OO04A2m";"OO";"04";"Ara";"2";10;415;15;246;1959;15437;7997;2031;2352;18004;2948;101343;32367;348;45012;15188;728;11107;19475;270;4192;81;14;447;85;11;804;316;142;553;74;121;504;257562;643;112;170;313;543396
"21";"!";"!";"1 G SUOLO RIPRESO CON 200 UL EPTANO";"CO10A2M.D";"Sample";NA;2017-06-23 06:56:00;"Aut";"CO10A2m";"CO";"10";"Ara";"2";38;808;16;30;5764;17601;9343;1902;3207;17945;3425;137433;30724;423;53041;11847;436;9931;19338;58;5029;76;58;1301;63;5;1289;290;339;255;73;73;4718;283899;673;185;374;301;622311
"22";"";"!";"1 G SUOLO RIPRESO CON 200 UL EPTANO";"OO2C2M.D";"Sample";NA;2017-06-23 07:42:00;"Aut";"OO02C2m";"OO";"02";"Fzo";"2";106;13835;88;45;33955;91424;45023;6008;14623;64149;9441;258766;76545;1202;200110;31913;1644;26878;42440;168;10031;429;148;1240;163;3;1871;983;632;569;20;244;11094;540957;1692;522;163;85;1489209
"23";"!";"!";"1 G SUOLO RIPRESO CON 200 UL EPTANO";"CO10A3M.D";"Sample";NA;2017-06-23 08:28:00;"Aut";"CO10A3m";"CO";"10";"Ara";"3";60;2289;29;70;14069;39353;20783;4587;4642;32941;5444;239938;54569;936;94838;22877;1026;16367;26795;54;7752;132;87;1429;150;6;1671;414;626;285;39;138;10096;276733;643;284;473;243;882868
"24";"";"!";"1 G SUOLO RIPRESO CON 200 UL EPTANO";"OO4C3M.D";"Sample";NA;2017-06-23 09:14:00;"Aut";"OO04C3m";"OO";"04";"Fzo";"3";82;2510;23;5;25658;53708;30833;5773;12262;59820;8266;492644;78779;2080;144245;34752;2748;29323;39578;84;16526;521;135;1391;47;67;3752;592;2234;2251;41;698;26430;484821;1288;853;268;142;1565230
"25";"!";"!";"1 G SUOLO RIPRESO CON 200 UL EPTANO";"CO9B3M.D";"Sample";NA;2017-06-23 10:31:00;"Aut";"CO09B3m";"CO";"09";"Rip";"3";100;17096;97;163;74708;120174;84610;12866;17657;77043;12877;925136;109763;2214;215996;40377;2696;34548;52861;20;17720;930;393;3300;150;2;5247;578;2706;547;9;595;50195;608618;1590;809;735;377;2495503
"26";"!";"!";"1 G SUOLO RIPRESO CON 200 UL EPTANO";"CO10B2M.D";"Sample";NA;2017-06-23 11:16:00;"Aut";"CO10B2m";"CO";"10";"Rip";"2";69;8329;8;52;31322;96178;52295;8712;14905;69472;10731;393317;98662;2107;223507;40826;2080;32485;49387;321;14849;664;95;3307;5;12;2953;911;1553;4986;162;426;24189;649756;1409;608;583;110;1841343
"27";"!";"!";"1 G SUOLO RIPRESO CON 200 UL EPTANO";"OO2A1M.D";"Sample";NA;2017-06-23 12:01:00;"Aut";"OO02A1m";"OO";"02";"Ara";"1";32;1170;27;92;6806;40665;19505;5036;5294;34824;7421;179111;66650;623;174368;27813;715;20401;41506;112;7829;192;159;2795;63;5;1578;376;330;1363;35;137;4666;486749;1161;332;87;879;1140907
"28";"!";"!";"1 G SUOLO RIPRESO CON 200 UL EPTANO";"CO9C1M FORSE.D";"Sample";NA;2017-06-23 12:47:00;"Aut";"CO09C1m";"CO";"09";"Fzo";"1";49;3017;65;152;15135;48250;26262;5058;8439;41299;6248;211968;57646;1663;145187;23915;1033;20600;31394;67;9399;357;53;497;105;9;1768;417;585;2034;16;334;13254;394164;1075;472;450;152;1072588
"29";"!";"!";"1 G SUOLO RIPRESO CON 200 UL EPTANO";"CO9A3M.D";"Sample";NA;2017-06-23 13:32:00;"Aut";"CO09A3m";"CO";"09";"Ara";"3";131;4085;22;225;38527;68372;34698;7896;5171;39495;7469;439301;80752;1200;151001;29703;1255;22304;40007;18;11011;305;15;1353;18;2;3435;516;2372;1603;40;178;24722;589538;1382;674;162;206;1609164
"30";"";"!";"1 G SUOLO RIPRESO CON 200 UL EPTANO";"OO4B3M.D";"Sample";NA;2017-06-23 14:18:00;"Aut";"OO04B3m";"OO";"04";"Rip";"3";27;1329;4;14;33084;68001;39255;6948;14109;66501;11518;524405;95185;1541;274233;43209;2059;35402;57603;182;18122;397;97;316;21;21;4297;479;2163;45;29;534;29334;559001;1587;995;507;344;1892898
"31";"";"!";"1 G SUOLO RIPRESO CON 200 UL EPTANO";"CO10A1M.D";"Sample";NA;2017-06-23 15:03:00;"Aut";"CO10A1m";"CO";"10";"Ara";"1";79;11330;34;201;65433;89363;45830;5355;9056;53771;9526;343809;71959;1699;171503;26439;1354;20115;35368;51;10174;501;22;2352;77;19;2397;541;1003;1509;39;285;13254;446166;683;423;136;202;1442058
"32";"!";"!";"1 G SUOLO RIPRESO CON 200 UL EPTANO";"OO2A3M.D";"Sample";NA;2017-06-23 15:49:00;"Aut";"OO02A3m";"OO";"02";"Ara";"3";49;1207;26;70;5123;26871;13398;1949;3955;23205;4723;120951;41396;435;63269;18919;604;13685;25958;159;5319;71;73;1512;38;8;1393;491;204;77;74;196;4443;358668;1151;254;766;319;741009
"33";"!";"!";"1 G SUOLO RIPRESO CON 200 UL EPTANO";"CO9A1M.D";"Sample";NA;2017-06-23 18:45:00;"Aut";"CO09A1m";"CO";"09";"Ara";"1";69;6567;50;0;29975;86525;41407;8761;13474;52883;10383;362235;85045;1158;201184;32823;1614;24162;49610;98;11662;364;60;3474;20;4;2616;594;980;1095;77;249;43658;613937;1895;603;109;1184;1690604
"34";"!";"!";"1 G SUOLO RIPRESO CON 200 UL EPTANO";"CO10C2M.D";"Sample";NA;2017-06-23 19:31:00;"Aut";"CO10C2m";"CO";"10";"Fzo";"2";85;10149;49;22;53001;105937;65061;9523;19268;85637;11804;595894;113643;2165;280500;47526;2352;41035;55350;136;16968;717;758;2480;597;19;5082;657;2853;655;59;751;37418;489033;2567;979;154;165;2061049
"35";"!";"!";"1 G SUOLO RIPRESO CON 200 UL EPTANO";"OO4C2M.D";"Sample";NA;2017-06-23 20:17:00;"Aut";"OO04C2m";"OO";"04";"Fzo";"2";164;5887;32;85;33046;98505;50425;6560;7741;67376;11112;282495;87782;1649;222373;34897;1709;29430;47748;40;10765;542;55;1855;160;21;2255;623;633;6711;190;577;13116;586406;1451;410;86;477;1615389
"36";"!";"!";"1 G SUOLO RIPRESO CON 200 UL EPTANO";"CO10B1M.D";"Sample";NA;2017-06-23 21:03:00;"Aut";"CO10B1m";"CO";"10";"Rip";"1";91;3234;21;76;17461;63850;37775;6020;17862;59219;9843;319808;98398;1736;210050;35900;1608;29915;50609;33;14245;200;757;3259;93;7;2417;523;695;1244;35;508;16361;461315;1762;671;88;597;1468286
"37";"";"!";"1 G SUOLO RIPRESO CON 200 UL EPTANO";"OO2B2M.D";"Sample";NA;2017-06-23 21:49:00;"Aut";"OO02B2m";"OO";"02";"Rip";"2";92;2745;7;83;22031;57311;32632;6746;10956;53326;8818;408916;75220;784;197116;33135;1366;27235;45632;366;14224;146;216;1723;28;0;3552;558;1970;628;32;448;30440;447333;1459;629;105;253;1488261
"38";"!";"!";"1 G SUOLO RIPRESO CON 200 UL EPTANO";"OO2C3M.D";"Sample";NA;2017-06-23 22:35:00;"Aut";"OO02C3m";"OO";"02";"Fzo";"3";170;6580;20;133;18971;73449;36722;6608;9318;48374;9048;188682;62243;710;152931;28887;1195;21365;37874;121;8165;229;60;710;150;16;1488;290;449;1196;0;205;4553;340676;1401;275;909;453;1064626
"39";"!";"!";"1 G SUOLO RIPRESO CON 200 UL EPTANO";"OO4A1M.D";"Sample";NA;2017-06-23 23:21:00;"Aut";"OO04A1m";"OO";"04";"Ara";"1";75;2719;22;30;5967;33767;15745;2893;4876;24231;3637;108000;36030;549;91827;15399;846;12311;20791;83;3455;265;260;1692;6;9;676;154;104;679;31;121;3695;190114;627;161;544;62;582453
"40";"!";"!";"1 G SUOLO RIPRESO CON 200 UL EPTANO";"CO9A2M.D";"Sample";NA;2017-06-24 00:07:00;"Aut";"CO09A2m";"CO";"09";"Ara";"2";110;6920;42;82;31792;65036;30551;4821;10080;39342;6888;240034;61177;718;155113;24055;989;18454;30905;85;7665;120;21;1147;5;3;1676;269;584;2992;1;192;4395;288384;763;309;393;374;1036487
"41";"!";"!";"1 G SUOLO RIPRESO CON 200 UL EPTANO";"OO4C1M.D";"Sample";NA;2017-06-24 00:53:00;"Aut";"OO04C1m";"OO";"04";"Fzo";"1";183;17236;8;92;85230;108034;65828;11375;19082;70252;11440;462504;76490;3785;153248;27379;2105;24421;34958;45;12008;286;34;3395;33;6;2454;397;1503;4672;8;222;18232;268939;1050;454;71;795;1488254
"42";"!";"!";"1 G SUOLO RIPRESO CON 200 UL EPTANO";"OO4A3M.D";"Sample";NA;2017-06-24 01:39:00;"Aut";"OO04A3m";"OO";"04";"Ara";"3";65;2737;5;32;23034;45477;23001;4894;8877;36034;6691;250488;55406;554;88356;20745;894;14470;26832;259;5016;116;240;3121;30;25;1926;197;603;1803;1;176;6979;439997;916;284;41;846;1071168
"43";"";"!";"1 G SUOLO RIPRESO CON 200 UL EPTANO";"OO2A2M.D";"Sample";NA;2017-06-24 02:25:00;"Aut";"OO02A2m";"OO";"02";"Ara";"2";92;2374;15;110;8390;49504;27753;7724;7679;45129;10577;184377;73293;417;136547;30208;1330;24935;47906;97;8882;276;22;706;66;7;1737;245;460;1832;77;336;5312;325315;1379;355;591;3206;1009261
"44";"!";"!";"1 G SUOLO RIPRESO CON 200 UL EPTANO";"CO9C3MR.D";"Sample";NA;2017-06-24 03:11:00;"Aut";"CO09C3m";"CO";"09";"Fzo";"3";39;7715;18;85;16657;66087;34382;5528;10577;42366;5621;177276;58564;1952;65216;22645;1235;19526;23056;45;7046;342;14;4796;100;9;1524;217;439;1784;3;286;13483;319744;936;337;200;622;910472
"45";"!";"!";"1 G SUOLO RIPRESO CON 200 UL EPTANO";"CO9C1MR.D";"Sample";NA;2017-06-24 03:57:00;"Aut";"CO09C1m";"CO";"09";"Fzo";"1";88;2112;12;58;7775;4246;9366;1114;5153;15016;2018;68342;20095;512;56330;6938;589;6037;9623;49;2160;57;70;11059;26;5;490;133;107;278;64;76;5613;143908;219;111;314;570;380733
"46";"!";"!";"1 G SUOLO RIPRESO CON 200 UL EPTANO";"OO2B1 M.D";"Sample";NA;2017-06-26 09:53:00;"Aut";"OO02B1m";"OO";"02";"Rip";"1";86;149;25;30;177;81268;2122;134;685;115;2162;72282;3912;2026;22677;2376;142;7543;13047;360;801;90;27;645;24;21;212;90;17;475;70;43;913;756;48;4120;73;914;220657
"47";"!";"!";"1 G SUOLO RIPRESO CON 200 UL EPTANO";"OO2B1 RICORSO M.D";"Sample";NA;2017-06-26 10:38:00;"Aut";"OO02B1m";"OO";"02";"Rip";"1";22;267;42;39;522;3685;2250;45;255;457;987;2681;7409;112;55223;701;79;162;467;211;136;148;16;8468;159;9;10;47;11;524;197;12;533;728;96;35;40;888;87673
"48";"!";"!";"1 G SUOLO RIPRESO CON 200 UL EPTANO";"KOVATS MIX 25 PPM.D";"Sample";NA;2017-09-28 02:44:00;"Est";"ko000000";NA;"00";NA;"0";19;372;28;103;476;268;229;91;313;705;217;2547;216;137;13771440;499;185;387;1870;1791;364;74;21;131003;2939;43;30;26;44;0;556;26;449;9268;147;35;831;70757;13998506
"49";"!";"!";"1 G SUOLO RIPRESO CON 200 UL EPTANO";"2-9B1 COLONNA TAGLIATA.D";"Sample";NA;2017-09-28 03:31:00;"Est";"CO09B1m";"CO";"09";"Rip";"1";996;19137;15;192;38710;138157;78018;6344;19714;78964;7540;618091;55277;46;88146;13251;91;49808;33182;751;45992;2274;17;1852;69;0;252198;7956;7790;5601;2082;257;166165;2088933;56;8270;538;897;3837377
"50";"!";"!";"1 G SUOLO RIPRESO CON 200 UL EPTANO";"3-4C1 COLONNA TAGLIATA.D";"Sample";NA;2017-09-28 04:18:00;"Est";"OO04C1m";"OO";"04";"Fzo";"1";186;4836;30;25;6095;48364;28161;2883;8391;30929;3588;368084;31946;55;59632;9059;56;26951;9656;752;11903;1124;56;1482;0;0;297365;4503;5363;0;0;322;114953;1681076;36;6914;59;38;2764873
"51";"!";"!";"1 G SUOLO RIPRESO CON 200 UL EPTANO";"4-9B2 COLONNA TAGLIATA.D";"Sample";NA;2017-09-28 05:06:00;"Est";"CO09B2m";"CO";"09";"Rip";"2";705;10098;51;164;32779;111705;66832;6213;16542;72692;5234;471110;56090;48;115811;13522;36;44123;35568;660;41108;2094;59;110;0;0;81980;8128;7600;5541;741;456;158059;2206191;71;6014;805;93;3579033
"52";"!";"!";"1 G SUOLO RIPRESO CON 200 UL EPTANO";"5-9C2 COLONNA TAGLIATA.D";"Sample";NA;2017-09-28 05:52:00;"Est";"CO09C2m";"CO";"09";"Fzo";"2";1896;35553;0;193;54387;261364;137422;15627;32353;161046;11327;640791;120102;112;110516;16431;108;81102;79709;439;68541;3406;26;1057;0;0;42176;11355;4331;0;365;296;97454;1500711;0;5429;0;10;3495635
"53";"!";"!";"1 G SUOLO RIPRESO CON 200 UL EPTANO";"6-9B3 COLONNA TAGLIATA.D";"Sample";NA;2017-09-28 06:39:00;"Est";"CO09B3m";"CO";"09";"Rip";"3";1037;20244;51;12;39260;156180;85709;9316;21525;96361;4695;512187;50195;146;27562;1618;34;29827;45229;139;28631;1740;71;755;33;0;46187;7774;6616;2883;467;256;148568;1877690;89;5551;0;19;3228657
"54";"!";"!";"1 G SUOLO RIPRESO CON 200 UL EPTANO";"7-MIX BIS COLONNA TAGLIATA.D";"Sample";NA;2017-09-28 07:26:00;"Est";"MS00D1m";"MS";"00";"D";"1";752;14289;18;6;23116;130603;65633;10487;14879;76471;6491;344934;60712;13;49873;8395;37;40996;49868;265;31848;1593;17;823;109;0;98918;6095;3435;0;1636;115;59055;873159;28;4225;58;564;1979516
"55";"!";"!";"1 G SUOLO RIPRESO CON 200 UL EPTANO";"8-10B2 COLONNA TAGLIATA.D";"Sample";NA;2017-09-28 08:13:00;"Est";"CO10B2m";"CO";"10";"Rip";"2";523;10649;32;295;18783;131795;67060;8174;14578;85964;10368;370671;62123;123;77358;9362;56;44976;46849;762;32285;2441;136;687;0;0;186340;6535;2102;5701;3719;166;37034;684452;38;5058;171;158;1927524
"56";"!";"!";"1 G SUOLO RIPRESO CON 200 UL EPTANO";"9-9A2 COLONNA TAGLIATA.D";"Sample";NA;2017-09-28 09:00:00;"Est";"CO09A2m";"CO";"09";"Ara";"2";39;311;10;192;241;278;163;245;290;436;524;1644;430;154;44107;265;231;233;416;36;254;43;34;0;97;28;80;21;66;0;0;59;1065;5290;34;82;0;30;57428
"57";"!";"!";"1 G SUOLO RIPRESO CON 200 UL EPTANO";"10-2C2 COLONNA TAGLIATA.D";"Sample";NA;2017-09-28 09:47:00;"Est";"OO02C2m";"OO";"02";"Fzo";"2";79;120;31;127;396;442;192;181;465;245;331;204;229;111;20044;933;35;413;103;355;340;25;42;0;379;34;114;44;26;0;325;6;561;2404;16;28;191;924;30495
"58";"!";"!";"1 G SUOLO RIPRESO CON 200 UL EPTANO";"11-2B2 COLONNA TAGLIATA.D";"Sample";NA;2017-09-28 10:34:00;"Est";"OO02B2m";"OO";"02";"Rip";"2";692;11336;11;4;20637;86573;46205;4807;11329;48899;6634;257031;39288;26;44233;9086;38;30568;27254;854;26971;999;65;0;105;0;20678;4134;4139;0;483;8;82329;1119203;24;2606;1084;0;1908333
"59";"!";"!";"1 G SUOLO RIPRESO CON 200 UL EPTANO";"12-10C3 COLONNA TAGLIATA.D";"Sample";NA;2017-09-28 11:20:00;"Est";"CO10C3m";"CO";"10";"Fzo";"3";267;5874;49;5;14164;69664;38859;5563;10307;48454;4766;269415;37987;88;50567;5220;86;33384;29547;617;28310;1582;56;5896;98;0;32435;5137;5079;0;0;279;102253;1470170;23;4037;27;776;2281041
"60";"!";"!";"1 G SUOLO RIPRESO CON 200 UL EPTANO";"13-10A3 COLONNA TAGLIATA.D";"Sample";NA;2017-09-28 12:07:00;"Est";"CO10A3m";"CO";"10";"Ara";"3";753;14966;2;153;24458;131068;67940;9944;13848;77429;8870;309997;64568;115;85436;11441;23;43077;43043;663;32997;1432;28;2665;0;0;33870;4570;3584;0;1483;309;64298;754926;4;2942;18;870;1811790
"61";"!";"!";"1 G SUOLO RIPRESO CON 200 UL EPTANO";"14-9A3 COLONNA TAGLIATA.D";"Sample";NA;2017-09-28 12:53:00;"Est";"CO09A3m";"CO";"09";"Ara";"3";310;7479;31;109;19477;66787;35937;4833;9284;36145;2308;275217;38130;106;23715;1996;113;22537;21220;482;18802;951;54;3512;100;0;123726;2995;3159;6084;2448;110;8514;1083538;47;3542;1255;43;1825096
"62";"!";"!";"1 G SUOLO RIPRESO CON 200 UL EPTANO";"15-MIX BIS COLONNA TAGLIATA.D";"Sample";NA;2017-09-28 13:39:00;"Est";"MS00D2m";"MS";"00";"D";"2";688;10686;20;104;21593;100579;56257;6277;14303;63114;6686;354867;55327;67;69621;10270;53;39139;37129;1457;31294;2402;62;3397;0;0;87702;6009;4144;5992;0;88;80116;1325896;57;4681;548;228;2400853
"63";"!";"!";"1 G SUOLO RIPRESO CON 200 UL EPTANO";"16-4B1 COLONNA TAGLIATA.D";"Sample";NA;2017-09-28 14:25:00;"Est";"OO04B1m";"OO";"04";"Rip";"1";7;303;88;64;1586;5199;4353;914;1116;7520;828;85505;7086;15;20245;1147;32;7752;5129;540;4676;369;132;2683;0;0;47258;1585;1663;4169;653;165;26888;507649;10;2048;1172;223;750772
"64";"!";"!";"1 G SUOLO RIPRESO CON 200 UL EPTANO";"17-10C1 COLONNA TAGLIATA.D";"Sample";NA;2017-09-28 15:11:00;"Est";"CO10C1m";"CO";"10";"Fzo";"1";1268;25454;2;7;41932;195111;106263;9130;26082;130787;7801;544188;84898;15;141361;18584;75;67270;63607;1444;63008;3171;43;7508;0;0;45306;9871;7526;0;445;257;151001;1822130;70;6877;35;0;3582527
"65";"!";"!";"1 G SUOLO RIPRESO CON 200 UL EPTANO";"18-9C1 COLONNA TAGLIATA.D";"Sample";NA;2017-09-28 15:57:00;"Est";"CO09C1m";"CO";"09";"Fzo";"1";111;3106;26;36;9772;54544;32763;3304;9372;42271;1474;271220;33482;16;27876;6408;132;26309;19627;828;22533;1323;31;0;0;0;29931;4319;3125;926;473;249;59566;855645;23;2710;125;764;1524420
"66";"!";"!";"1 G SUOLO RIPRESO CON 200 UL EPTANO";"19-10B3 BIS COLONNA TAGLIATA.D";"Sample";NA;2017-09-28 16:43:00;"Est";"CO10B3m";"CO";"10";"Rip";"3";1398;28028;16;2;50843;284869;132530;16117;32794;150363;14528;673814;157231;5;99483;17945;116;95803;101597;825;68292;4275;29;0;159;0;47257;13197;5712;3953;1144;280;124586;1579999;11;6964;0;619;3714784
"67";"!";"!";"1 G SUOLO RIPRESO CON 200 UL EPTANO";"20-2B1 COLONNA TAGLIATA.D";"Sample";NA;2017-09-28 17:28:00;"Est";"OO02B1m";"OO";"02";"Rip";"1";522;11971;61;1;20207;134758;72357;15121;14745;98541;12263;342748;84393;16;57968;7607;167;59618;78096;1191;44915;2218;85;0;0;0;21010;7847;3798;1841;922;172;77622;1200884;9;4053;60;784;2378571
"68";"!";"!";"1 G SUOLO RIPRESO CON 200 UL EPTANO";"21-10C2 COLONNA TAGLIATA.D";"Sample";NA;2017-09-28 18:14:00;"Est";"CO10C2m";"CO";"10";"Fzo";"2";1083;21531;2;1;35321;187131;100673;14605;22818;116879;15423;463616;95542;107;81042;15179;114;63128;78760;1283;47961;3000;55;8037;0;0;131426;8801;3004;0;0;205;7512;1129213;14;6039;246;88;2659839
"69";"!";"!";"1 G SUOLO RIPRESO CON 200 UL EPTANO";"22-9A1 COLONNA TAGLIATA.D";"Sample";NA;2017-09-28 19:00:00;"Est";"CO09A1m";"CO";"09";"Ara";"1";181;5207;49;55;14785;47783;25577;3152;7817;26297;2084;246329;25870;98;21694;4982;58;17507;14299;814;16374;463;111;0;0;0;112081;3106;3315;7184;0;115;69332;857445;93;3673;0;463;1538393
"70";"!";"!";"1 G SUOLO RIPRESO CON 200 UL EPTANO";"23-10B1 COLONNA TAGLIATA.D";"Sample";NA;2017-09-28 19:46:00;"Est";"CO10B1m";"CO";"10";"Rip";"1";748;12357;4;136;23269;109905;59083;7092;11307;61899;7679;346527;49124;41;47274;5462;26;40641;39613;801;34261;989;144;0;0;0;51674;7400;4809;0;0;317;98166;1567620;12;4589;27;690;2593686
"71";"!";"!";"1 G SUOLO RIPRESO CON 200 UL EPTANO";"24-2A3 COLONNA TAGLIATA.D";"Sample";NA;2017-09-28 20:32:00;"Est";"OO02A3m";"OO";"02";"Ara";"3";829;20117;58;56;34920;230896;110071;17903;23779;135081;19569;558697;147050;52;81599;13520;140;78954;106958;910;57224;3108;25;5641;74;0;92366;11279;5445;0;1003;261;112953;1560198;26;6380;55;667;3437864
"72";"!";"!";"1 G SUOLO RIPRESO CON 200 UL EPTANO";"25-2C3 COLONNA TAGLIATA.D";"Sample";NA;2017-09-28 21:18:00;"Est";"OO02C3m";"OO";"02";"Fzo";"3";480;9128;126;231;30103;82389;44881;6204;16244;45164;2623;316634;24760;20;48039;1840;27;18494;17084;631;15404;676;59;0;0;0;25334;4351;4758;0;398;200;98721;1379115;33;3173;0;792;2198116
"73";"!";"!";"1 G SUOLO RIPRESO CON 200 UL EPTANO";"26-4B3 COLONNA TAGLIATA.D";"Sample";NA;2017-09-28 22:04:00;"Est";"OO04B3m";"OO";"04";"Rip";"3";1046;20186;5;46;41844;206290;103863;18916;27191;126772;17448;582568;136882;34;101628;17101;21;81872;112512;1247;59640;4277;132;0;418;0;43986;11423;5797;0;0;463;117171;1674133;22;6312;0;3;3521249
"74";"!";"!";"1 G SUOLO RIPRESO CON 200 UL EPTANO";"27-4C2 COLONNA TAGLIATA.D";"Sample";NA;2017-09-28 22:51:00;"Est";"OO04C2m";"OO";"04";"Fzo";"2";1150;20524;71;216;83571;223227;118318;17195;57945;143262;20110;762487;177365;10;128206;20143;102;82713;114175;495;65509;4005;48;0;106;0;66108;13906;6749;3760;1429;331;110847;1667327;63;7892;0;493;3919858
"75";"!";"!";"1 G SUOLO RIPRESO CON 200 UL EPTANO";"28-2B3 COLONNA TAGLIATA.D";"Sample";NA;2017-09-28 23:38:00;"Est";"OO02B3m";"OO";"02";"Rip";"3";541;9158;46;19;12286;88234;50789;5001;10559;62506;3986;302523;27268;48;14145;408;40;23005;27977;548;22090;1735;92;0;0;0;32626;6911;245;4143;1675;283;100589;1652483;19;4327;0;582;2466887
"76";"!";"!";"1 G SUOLO RIPRESO CON 200 UL EPTANO";"29-2A1 COLONNA TAGLIATA.D";"Sample";NA;2017-09-29 00:25:00;"Est";"OO02A1m";"OO";"02";"Ara";"1";158;3165;12;84;8982;42733;24452;3712;6719;33062;1739;220560;29466;53;24511;4015;33;24784;25629;340;19830;928;74;0;0;0;30944;3955;4406;0;0;131;85459;1210146;27;3183;33;592;1813917
"77";"!";"!";"1 G SUOLO RIPRESO CON 200 UL EPTANO";"30-10B3 COLONNA TAGLIATA.D";"Sample";NA;2017-09-29 01:13:00;"Est";"CO10B3m";"CO";"10";"Rip";"3";384;9978;19;79;19692;111895;60655;6964;12762;75802;7456;334624;58464;59;70804;10863;78;41478;39740;413;35237;1772;35;7268;0;0;24746;6624;4380;0;0;58;87221;1253348;11;3891;0;13;2286813
"78";"!";"!";"1 G SUOLO RIPRESO CON 200 UL EPTANO";"31-4A1 COLONNA TAGLIATA.D";"Sample";NA;2017-09-29 02:00:00;"Est";"OO04A1m";"OO";"04";"Ara";"1";63;4168;27;46;8989;47321;24087;2487;7878;31366;4303;229377;32239;58;51461;7023;83;12305;20975;551;22177;1003;35;3231;0;0;28162;4241;3968;0;435;225;77375;1203204;9;3291;162;379;1832704
"79";"!";"!";"1 G SUOLO RIPRESO CON 200 UL EPTANO";"32-4B2 COLONNA TAGLIATA.D";"Sample";NA;2017-09-29 02:46:00;"Est";"OO04B2m";"OO";"04";"Rip";"2";321;5710;40;13;17250;102939;53173;8698;18023;88892;11459;454214;90014;6;64753;9184;89;52931;54664;694;39042;2196;64;8426;0;0;152343;8607;3440;0;977;174;10685;1473314;8;5787;749;40;2738919
"80";"!";"!";"1 G SUOLO RIPRESO CON 200 UL EPTANO";"33-4A2 COLONNA TAGLIATA.D";"Sample";NA;2017-09-29 03:31:00;"Est";"OO04A2m";"OO";"04";"Ara";"2";89;3247;23;11;6843;31214;15142;2103;4221;21796;1806;134250;27583;60;30869;3474;63;16129;18146;274;12517;804;26;0;163;0;42992;3216;2251;0;0;97;40638;481167;19;2333;0;511;904077
"81";"!";"!";"1 G SUOLO RIPRESO CON 200 UL EPTANO";"34-10A2 COLONNA TAGLIATA.D";"Sample";NA;2017-09-29 04:19:00;"Est";"CO10A2m";"CO";"10";"Ara";"2";502;7281;71;317;17040;123186;64321;11285;15508;92644;12586;363431;85331;51;110853;16346;36;52924;64005;1841;41336;2775;23;0;0;0;29537;7804;3676;2027;147;104;75844;1187591;31;4620;0;862;2395936
"82";"!";"!";"1 G SUOLO RIPRESO CON 200 UL EPTANO";"35-9C3 COLONNA TAGLIATA.D";"Sample";NA;2017-09-29 05:06:00;"Est";"CO09C3m";"CO";"09";"Fzo";"3";69;2755;5;96;8143;43942;28150;2421;5124;38198;4662;221074;28828;29;40190;6635;50;25780;19623;161;23142;1546;5;0;0;0;18371;4458;3100;1530;127;83;60489;957886;14;3007;27;683;1550403
"83";"!";"!";"1 G SUOLO RIPRESO CON 200 UL EPTANO";"36-4C3 COLONNA TAGLIATA.D";"Sample";NA;2017-09-29 05:54:00;"Est";"OO04C3m";"OO";"04";"Fzo";"3";263;7335;80;329;15377;71137;38142;5159;8604;47483;4999;261570;38392;49;58522;7230;70;29184;25177;308;24442;1686;62;0;0;0;23148;3979;3160;1869;4407;226;64641;977854;18;2690;28;706;1728326
"84";"!";"!";"1 G SUOLO RIPRESO CON 200 UL EPTANO";"37-10A1 COLONNA TAGLIATA.D";"Sample";NA;2017-09-29 06:41:00;"Est";"CO10A1m";"CO";"10";"Ara";"1";601;11139;8;77;24088;113037;55462;8917;12987;60927;3972;330475;62227;3;52154;4846;47;42318;47997;399;32221;1373;21;0;116;0;47502;7369;5748;0;1954;404;121953;1782513;24;4693;20;583;2838175
"85";"!";"!";"1 G SUOLO RIPRESO CON 200 UL EPTANO";"38-2C1 COLONNA TAGLIATA.D";"Sample";NA;2017-09-29 07:28:00;"Est";"OO02C1m";"OO";"02";"Fzo";"1";677;9731;10;118;15691;89755;48846;7646;7749;61711;8528;222670;54116;52;47238;10538;68;34432;48527;83;27948;1450;40;0;0;0;20366;5306;2453;0;280;85;44189;660478;38;2992;53;1750;1435614
"86";"!";"!";"1 G SUOLO RIPRESO CON 200 UL EPTANO";"39-2A2 COLONNA TAGLIATA.D";"Sample";NA;2017-09-29 08:15:00;"Est";"OO02A2m";"OO";"02";"Ara";"2";859;19479;176;34;29412;177859;87165;16552;16671;101719;14888;341580;93944;101;124219;13718;25;58443;80041;605;43077;2295;12;0;0;0;49768;8819;3910;0;0;230;81687;1176993;58;5209;19;617;2550184
"87";"!";"!";"1 G SUOLO RIPRESO CON 200 UL EPTANO";"40-BIANCO BIS COLONNA TAGLIATA.D";"Sample";NA;2017-09-29 09:02:00;"Est";"BI00N0";"BI";"00";"N";"0";51;147;9;96;1391;578;1566;119;995;185;1762;67712;1744;40;25501;302;59;224;108;100;812;248;158;50945;0;0;23721;32;2364;2001;133;146;43572;630237;96;1098;69;625;858946
